{
  "model": "Qwen/Qwen3.5-9B",
  "usable": 19,
  "floor": 0.5789473684210527,
  "budget": 2048,
  "variants": {
    "production": {
      "change": 0.8618421052631579,
      "acting": 0.0,
      "agree": 0.0
    },
    "block_aware": {
      "change": 0.8618421052631579,
      "acting": 0.26973684210526316,
      "agree": 0.23684210526315788
    },
    "keep_recent": {
      "change": 0.9407894736842105,
      "acting": 0.7631578947368421,
      "agree": 0.743421052631579
    },
    "wrapper_only": {
      "change": 0.8618421052631579,
      "acting": 0.0,
      "agree": 0.0
    }
  },
  "raw": {
    "production": {
      "change": [
        1.0,
        0.875,
        1.0,
        1.0,
        1.0,
        1.0,
        1.0,
        1.0,
        0.75,
        0.5,
        0.875,
        1.0,
        1.0,
        0.5,
        0.75,
        0.5,
        1.0,
        0.625,
        1.0
      ],
      "acting": [
        0.0,
        0.0,
        0.0,
        0.0,
        0.0,
        0.0,
        0.0,
        0.0,
        0.0,
        0.0,
        0.0,
        0.0,
        0.0,
        0.0,
        0.0,
        0.0,
        0.0,
        0.0,
        0.0
      ],
      "agree": [
        0.0,
        0.0,
        0.0,
        0.0,
        0.0,
        0.0,
        0.0,
        0.0,
        0.0,
        0.0,
        0.0,
        0.0,
        0.0,
        0.0,
        0.0,
        0.0,
        0.0,
        0.0,
        0.0
      ]
    },
    "block_aware": {
      "change": [
        1.0,
        0.875,
        1.0,
        1.0,
        1.0,
        1.0,
        1.0,
        1.0,
        0.75,
        0.5,
        0.875,
        1.0,
        1.0,
        0.5,
        0.75,
        0.5,
        1.0,
        0.625,
        1.0
      ],
      "acting": [
        0.875,
        0.125,
        0.0,
        0.25,
        0.0,
        0.125,
        0.0,
        0.875,
        0.625,
        0.125,
        0.0,
        1.0,
        0.0,
        0.0,
        0.625,
        0.125,
        0.25,
        0.125,
        0.0
      ],
      "agree": [
        0.875,
        0.125,
        0.0,
        0.0,
        0.0,
        0.125,
        0.0,
        0.875,
        0.5,
        0.0,
        0.0,
        1.0,
        0.0,
        0.0,
        0.625,
        0.125,
        0.25,
        0.0,
        0.0
      ]
    },
    "keep_recent": {
      "change": [
        1.0,
        0.875,
        1.0,
        1.0,
        1.0,
        1.0,
        1.0,
        0.875,
        0.75,
        1.0,
        0.875,
        0.75,
        1.0,
        0.875,
        1.0,
        0.875,
        1.0,
        1.0,
        1.0
      ],
      "acting": [
        0.875,
        0.0,
        1.0,
        0.5,
        0.0,
        1.0,
        1.0,
        0.875,
        0.75,
        1.0,
        0.875,
        0.75,
        1.0,
        0.875,
        1.0,
        0.875,
        0.875,
        1.0,
        0.25
      ],
      "agree": [
        0.875,
        0.0,
        1.0,
        0.5,
        0.0,
        1.0,
        1.0,
        0.875,
        0.5,
        1.0,
        0.875,
        0.75,
        1.0,
        0.875,
        0.875,
        0.875,
        0.875,
        1.0,
        0.25
      ]
    },
    "wrapper_only": {
      "change": [
        1.0,
        0.875,
        1.0,
        1.0,
        1.0,
        1.0,
        1.0,
        1.0,
        0.75,
        0.5,
        0.875,
        1.0,
        1.0,
        0.5,
        0.75,
        0.5,
        1.0,
        0.625,
        1.0
      ],
      "acting": [
        0.0,
        0.0,
        0.0,
        0.0,
        0.0,
        0.0,
        0.0,
        0.0,
        0.0,
        0.0,
        0.0,
        0.0,
        0.0,
        0.0,
        0.0,
        0.0,
        0.0,
        0.0,
        0.0
      ],
      "agree": [
        0.0,
        0.0,
        0.0,
        0.0,
        0.0,
        0.0,
        0.0,
        0.0,
        0.0,
        0.0,
        0.0,
        0.0,
        0.0,
        0.0,
        0.0,
        0.0,
        0.0,
        0.0,
        0.0
      ]
    }
  }
}