{
  "models": [
    "Qwen/Qwen3.5-9B",
    "Qwen/Qwen3.5-4B"
  ],
  "usable": 14,
  "floors": {
    "Qwen3.5-9B": 0.35714285714285715,
    "Qwen3.5-4B": 0.45535714285714285
  },
  "matrix": {
    "Qwen3.5-9B": {
      "Qwen3.5-9B": {
        "d": 0.8214285714285714,
        "acting": 0.5267857142857143
      },
      "Qwen3.5-4B": {
        "d": 0.7946428571428571,
        "acting": 0.5714285714285714
      }
    },
    "Qwen3.5-4B": {
      "Qwen3.5-9B": {
        "d": 0.8571428571428571,
        "acting": 0.7321428571428571
      },
      "Qwen3.5-4B": {
        "d": 0.8035714285714286,
        "acting": 0.6875
      }
    }
  },
  "raw": {
    "Qwen3.5-9B->Qwen3.5-9B": [
      0.375,
      0.75,
      1.0,
      0.75,
      0.75,
      0.875,
      0.375,
      1.0,
      1.0,
      1.0,
      1.0,
      1.0,
      0.625,
      1.0
    ],
    "Qwen3.5-9B->Qwen3.5-4B": [
      0.125,
      0.625,
      0.75,
      0.875,
      1.0,
      0.75,
      0.5,
      1.0,
      1.0,
      0.875,
      1.0,
      1.0,
      0.75,
      0.875
    ],
    "Qwen3.5-4B->Qwen3.5-9B": [
      1.0,
      0.375,
      1.0,
      0.5,
      1.0,
      0.875,
      1.0,
      1.0,
      1.0,
      0.875,
      0.75,
      1.0,
      0.625,
      1.0
    ],
    "Qwen3.5-4B->Qwen3.5-4B": [
      1.0,
      0.375,
      0.75,
      0.625,
      0.875,
      0.625,
      1.0,
      0.875,
      1.0,
      1.0,
      0.5,
      1.0,
      0.75,
      0.875
    ]
  }
}