{
  "model": "Qwen/Qwen3.5-27B",
  "cells": {
    "native@top_p=0.9": 0.8333333333333334,
    "native@top_p=1": 0.7916666666666666,
    "wrapper@top_p=0.9": 0.75,
    "wrapper@top_p=1": 0.8333333333333334
  },
  "n_examples": 6,
  "samples": 4
}