{
  "model": "Qwen/Qwen3.5-9B",
  "usable": 23,
  "compressor": "summary",
  "steps": {
    "0": {
      "change": 0.8586956521739131,
      "floor": 0.3858695652173913,
      "acting": 0.43478260869565216
    },
    "1": {
      "change": 0.5815217391304348,
      "floor": 0.30434782608695654,
      "acting": 0.8532608695652174
    },
    "2": {
      "change": 0.47282608695652173,
      "floor": 0.33152173913043476,
      "acting": 0.9021739130434783
    },
    "3": {
      "change": 0.4945652173913043,
      "floor": 0.29347826086956524,
      "acting": 0.8913043478260869
    }
  }
}