{
  "model": "Qwen/Qwen3.5-9B",
  "usable": 19,
  "floor": 0.27631578947368424,
  "budget": 256,
  "plain": {
    "summary": {
      "acting": 0.506578947368421,
      "change": 0.8289473684210527,
      "lookup": 0.19736842105263158,
      "agree": 0.32894736842105265
    },
    "manifest_only": {
      "acting": 0.5263157894736842,
      "change": 0.8881578947368421,
      "lookup": 0.24342105263157895,
      "agree": 0.3157894736842105
    },
    "summary_manifest": {
      "acting": 0.5460526315789473,
      "change": 0.875,
      "lookup": 0.27631578947368424,
      "agree": 0.3026315789473684
    }
  },
  "scaffold": {
    "summary": {
      "acting": 0.6770833333333334,
      "change": 0.84375,
      "used": 0.5208333333333334
    },
    "manifest_only": {
      "acting": 0.75,
      "change": 0.9270833333333334,
      "used": 0.5208333333333334
    },
    "summary_manifest": {
      "acting": 0.65625,
      "change": 0.9375,
      "used": 0.46875
    }
  },
  "raw": {
    "summary": {
      "acting": [
        0.875,
        0.375,
        0.75,
        0.625,
        1.0,
        1.0,
        1.0,
        0.625,
        0.0,
        0.875,
        0.125,
        0.125,
        0.0,
        0.0,
        0.75,
        0.875,
        0.0,
        0.625,
        0.0
      ],
      "change": [
        0.375,
        0.75,
        1.0,
        0.75,
        0.75,
        0.875,
        0.375,
        1.0,
        1.0,
        1.0,
        1.0,
        1.0,
        0.625,
        1.0,
        1.0,
        0.25,
        1.0,
        1.0,
        1.0
      ],
      "lookup": [
        0.625,
        0.25,
        0.25,
        0.375,
        0.0,
        0.125,
        0.875,
        0.375,
        0.0,
        0.75,
        0.0,
        0.0,
        0.0,
        0.0,
        0.0,
        0.0,
        0.0,
        0.125,
        0.0
      ],
      "agree": [
        0.0,
        0.375,
        0.75,
        0.625,
        0.0,
        1.0,
        1.0,
        0.625,
        0.0,
        0.75,
        0.125,
        0.0,
        0.0,
        0.0,
        0.0,
        0.875,
        0.0,
        0.125,
        0.0
      ]
    },
    "manifest_only": {
      "acting": [
        0.875,
        0.75,
        0.75,
        1.0,
        0.875,
        0.875,
        0.0,
        1.0,
        0.0,
        0.875,
        0.0,
        0.25,
        0.0,
        0.0,
        1.0,
        0.875,
        0.0,
        0.75,
        0.125
      ],
      "change": [
        1.0,
        0.25,
        1.0,
        0.625,
        1.0,
        0.875,
        1.0,
        1.0,
        1.0,
        1.0,
        1.0,
        1.0,
        0.625,
        1.0,
        1.0,
        0.625,
        1.0,
        0.875,
        1.0
      ],
      "lookup": [
        0.75,
        0.75,
        0.625,
        1.0,
        0.0,
        0.125,
        0.0,
        0.625,
        0.0,
        0.5,
        0.0,
        0.0,
        0.0,
        0.0,
        0.125,
        0.125,
        0.0,
        0.0,
        0.0
      ],
      "agree": [
        0.0,
        0.75,
        0.5,
        1.0,
        0.0,
        0.875,
        0.0,
        1.0,
        0.0,
        0.75,
        0.0,
        0.0,
        0.0,
        0.0,
        0.0,
        0.875,
        0.0,
        0.25,
        0.0
      ]
    },
    "summary_manifest": {
      "acting": [
        1.0,
        0.5,
        0.875,
        1.0,
        0.75,
        0.875,
        0.25,
        0.875,
        0.0,
        0.875,
        0.25,
        0.125,
        0.0,
        0.125,
        1.0,
        0.875,
        0.375,
        0.625,
        0.0
      ],
      "change": [
        0.0,
        0.625,
        1.0,
        0.875,
        0.875,
        0.875,
        1.0,
        1.0,
        1.0,
        1.0,
        1.0,
        1.0,
        0.625,
        1.0,
        1.0,
        0.875,
        0.875,
        1.0,
        1.0
      ],
      "lookup": [
        1.0,
        0.375,
        0.625,
        0.75,
        0.125,
        0.125,
        0.25,
        0.625,
        0.0,
        0.75,
        0.125,
        0.0,
        0.0,
        0.0,
        0.125,
        0.25,
        0.0,
        0.125,
        0.0
      ],
      "agree": [
        0.0,
        0.25,
        0.875,
        0.875,
        0.0,
        0.875,
        0.0,
        0.875,
        0.0,
        0.5,
        0.25,
        0.0,
        0.0,
        0.0,
        0.0,
        0.75,
        0.375,
        0.125,
        0.0
      ]
    }
  }
}