{
  "model": "Qwen/Qwen3.5-9B",
  "usable": 19,
  "floor": 0.6052631578947368,
  "budget": 2048,
  "variants": {
    "production": {
      "change": 0.8947368421052632,
      "acting": 0.0,
      "agree": 0.0
    },
    "block_aware": {
      "change": 0.881578947368421,
      "acting": 0.40131578947368424,
      "agree": 0.375
    },
    "keep_recent": {
      "change": 0.881578947368421,
      "acting": 0.7105263157894737,
      "agree": 0.7039473684210527
    },
    "wrapper_only": {
      "change": 0.8947368421052632,
      "acting": 0.0,
      "agree": 0.0
    }
  },
  "raw": {
    "production": {
      "change": [
        1.0,
        0.875,
        0.875,
        1.0,
        1.0,
        1.0,
        1.0,
        0.75,
        0.625,
        0.625,
        1.0,
        1.0,
        0.875,
        0.75,
        0.75,
        1.0,
        1.0,
        1.0,
        0.875
      ],
      "acting": [
        0.0,
        0.0,
        0.0,
        0.0,
        0.0,
        0.0,
        0.0,
        0.0,
        0.0,
        0.0,
        0.0,
        0.0,
        0.0,
        0.0,
        0.0,
        0.0,
        0.0,
        0.0,
        0.0
      ],
      "agree": [
        0.0,
        0.0,
        0.0,
        0.0,
        0.0,
        0.0,
        0.0,
        0.0,
        0.0,
        0.0,
        0.0,
        0.0,
        0.0,
        0.0,
        0.0,
        0.0,
        0.0,
        0.0,
        0.0
      ]
    },
    "block_aware": {
      "change": [
        0.375,
        0.875,
        0.875,
        1.0,
        1.0,
        1.0,
        1.0,
        0.75,
        0.75,
        0.625,
        0.875,
        1.0,
        1.0,
        0.75,
        1.0,
        1.0,
        1.0,
        1.0,
        0.875
      ],
      "acting": [
        1.0,
        0.0,
        0.0,
        0.25,
        0.0,
        0.0,
        0.125,
        0.75,
        0.75,
        0.0,
        1.0,
        0.125,
        1.0,
        0.0,
        1.0,
        0.625,
        0.375,
        0.0,
        0.625
      ],
      "agree": [
        1.0,
        0.0,
        0.0,
        0.0,
        0.0,
        0.0,
        0.125,
        0.75,
        0.625,
        0.0,
        1.0,
        0.125,
        1.0,
        0.0,
        1.0,
        0.5,
        0.375,
        0.0,
        0.625
      ]
    },
    "keep_recent": {
      "change": [
        0.625,
        0.875,
        0.875,
        0.875,
        1.0,
        1.0,
        0.875,
        0.625,
        1.0,
        0.875,
        0.75,
        0.875,
        1.0,
        0.875,
        0.75,
        1.0,
        1.0,
        1.0,
        0.875
      ],
      "acting": [
        1.0,
        0.0,
        0.75,
        0.125,
        0.0,
        1.0,
        1.0,
        1.0,
        1.0,
        0.875,
        1.0,
        1.0,
        1.0,
        0.875,
        0.0,
        0.625,
        1.0,
        0.75,
        0.5
      ],
      "agree": [
        1.0,
        0.0,
        0.75,
        0.125,
        0.0,
        1.0,
        1.0,
        1.0,
        1.0,
        0.875,
        1.0,
        1.0,
        1.0,
        0.875,
        0.0,
        0.5,
        1.0,
        0.75,
        0.5
      ]
    },
    "wrapper_only": {
      "change": [
        1.0,
        0.875,
        0.875,
        1.0,
        1.0,
        1.0,
        1.0,
        0.75,
        0.625,
        0.625,
        1.0,
        1.0,
        0.875,
        0.75,
        0.75,
        1.0,
        1.0,
        1.0,
        0.875
      ],
      "acting": [
        0.0,
        0.0,
        0.0,
        0.0,
        0.0,
        0.0,
        0.0,
        0.0,
        0.0,
        0.0,
        0.0,
        0.0,
        0.0,
        0.0,
        0.0,
        0.0,
        0.0,
        0.0,
        0.0
      ],
      "agree": [
        0.0,
        0.0,
        0.0,
        0.0,
        0.0,
        0.0,
        0.0,
        0.0,
        0.0,
        0.0,
        0.0,
        0.0,
        0.0,
        0.0,
        0.0,
        0.0,
        0.0,
        0.0,
        0.0
      ]
    }
  }
}