{
  "model": "Qwen/Qwen3.5-9B",
  "usable": 17,
  "rate": 0.25,
  "conditions": {
    "keep_recent": {
      "contain": 0.997783581802345,
      "nll": 1.4254566746599533,
      "coarse": 0.1323529411764706,
      "acting": 0.9338235294117647
    },
    "random": {
      "contain": 0.824086086462363,
      "nll": 1.4782282184152042,
      "coarse": 0.38235294117647056,
      "acting": 0.6764705882352942
    },
    "block_aware": {
      "contain": 0.8481125279330308,
      "nll": 1.527503574595732,
      "coarse": 0.2426470588235294,
      "acting": 0.8088235294117647
    },
    "summary_note": {
      "contain": 0.079382657417704,
      "nll": 1.7902041323044722,
      "coarse": 0.4411764705882353,
      "acting": 0.6470588235294118
    },
    "summary_trace": {
      "contain": 0.07894133721852693,
      "nll": 1.6762703762334936,
      "coarse": 0.4411764705882353,
      "acting": 0.6544117647058824
    },
    "wrapper_only": {
      "contain": 0.0,
      "nll": 2.42945317661061,
      "coarse": 0.5073529411764706,
      "acting": 0.5661764705882353
    }
  },
  "spearman": {
    "contain_vs_D": -0.5549360761318851,
    "contain_vs_acting": 0.20576078167496936,
    "nll_vs_D": 0.10983822539878205,
    "nll_vs_acting": -0.18032694188893478
  },
  "raw": {
    "keep_recent": {
      "contain": [
        1.0,
        0.9973045822102425,
        0.9962825278810409,
        1.0,
        1.0,
        0.9961538461538462,
        0.995,
        1.0,
        0.994535519125683,
        1.0,
        1.0,
        1.0,
        0.9956709956709957,
        0.996415770609319,
        0.9961389961389961,
        1.0,
        0.9948186528497409
      ],
      "nll": [
        1.6594641208648682,
        0.9803072810173035,
        1.6886982917785645,
        0.9719688296318054,
        0.812287449836731,
        0.9985186457633972,
        4.143876075744629,
        0.5828688144683838,
        3.1014597415924072,
        0.7432249784469604,
        1.339667558670044,
        0.6247321963310242,
        1.727569818496704,
        0.9825283885002136,
        1.487552523612976,
        1.4070320129394531,
        0.9810067415237427
      ],
      "coarse": [
        0.0,
        0.125,
        0.0,
        0.125,
        0.0,
        0.0,
        0.0,
        0.125,
        0.0,
        0.0,
        0.0,
        1.0,
        0.75,
        0.0,
        0.0,
        0.125,
        0.0
      ],
      "acting": [
        1.0,
        1.0,
        1.0,
        1.0,
        1.0,
        1.0,
        1.0,
        1.0,
        1.0,
        1.0,
        1.0,
        0.0,
        1.0,
        1.0,
        1.0,
        0.875,
        1.0
      ]
    },
    "random": {
      "contain": [
        0.833922261484099,
        0.8676056338028169,
        0.8164556962025317,
        0.8828337874659401,
        0.8431372549019608,
        0.8075471698113208,
        0.8666666666666667,
        0.8352059925093633,
        0.7722222222222223,
        0.8757961783439491,
        0.7303370786516854,
        0.8666666666666667,
        0.8088888888888889,
        0.8364197530864198,
        0.7638190954773869,
        0.849802371541502,
        0.7521367521367521
      ],
      "nll": [
        1.6510663032531738,
        1.3893688917160034,
        1.778460144996643,
        1.4538856744766235,
        1.2705519199371338,
        1.4937585592269897,
        1.9783905744552612,
        1.2935410737991333,
        1.910703182220459,
        1.1963213682174683,
        1.6825898885726929,
        1.3373503684997559,
        1.2503396272659302,
        1.295627236366272,
        1.341841459274292,
        1.4946815967559814,
        1.3114018440246582
      ],
      "coarse": [
        0.0,
        0.125,
        0.0,
        0.125,
        0.0,
        0.0,
        1.0,
        0.0,
        1.0,
        0.0,
        0.875,
        1.0,
        0.75,
        1.0,
        0.5,
        0.0,
        0.125
      ],
      "acting": [
        1.0,
        1.0,
        1.0,
        1.0,
        1.0,
        1.0,
        0.0,
        1.0,
        0.0,
        1.0,
        0.125,
        0.0,
        0.75,
        0.0,
        0.75,
        1.0,
        0.875
      ]
    },
    "block_aware": {
      "contain": [
        0.8560606060606061,
        0.8322981366459627,
        0.8594771241830066,
        0.8753315649867374,
        0.8471760797342193,
        0.8708333333333333,
        0.8787128712871287,
        0.8604651162790697,
        0.9312169312169312,
        0.8715596330275229,
        0.6754966887417219,
        0.8370044052863436,
        0.7927461139896373,
        0.8993055555555556,
        0.9179487179487179,
        0.8430493273542601,
        0.7692307692307693
      ],
      "nll": [
        1.6817930936813354,
        1.4171631336212158,
        1.6978734731674194,
        1.4350337982177734,
        1.2365379333496094,
        1.3180058002471924,
        3.925210475921631,
        1.1650234460830688,
        2.7086403369903564,
        1.0822404623031616,
        1.7184029817581177,
        1.081148624420166,
        1.0270094871520996,
        1.0293498039245605,
        1.0074524879455566,
        1.3389253616333008,
        1.0977500677108765
      ],
      "coarse": [
        0.0,
        0.125,
        0.25,
        0.0,
        0.125,
        0.0,
        0.875,
        0.125,
        0.0,
        0.125,
        0.375,
        1.0,
        0.25,
        0.125,
        0.0,
        0.0,
        0.75
      ],
      "acting": [
        1.0,
        1.0,
        0.75,
        0.875,
        0.875,
        1.0,
        0.125,
        1.0,
        1.0,
        1.0,
        0.625,
        0.375,
        1.0,
        0.875,
        1.0,
        1.0,
        0.25
      ]
    },
    "summary_note": {
      "contain": [
        0.32038834951456313,
        0.012875536480686695,
        0.0,
        0.06115107913669065,
        0.012448132780082987,
        0.05853658536585366,
        0.16101694915254236,
        0.2116788321167883,
        0.009302325581395349,
        0.10270270270270271,
        0.01276595744680851,
        0.03139013452914798,
        0.1724137931034483,
        0.10982658959537572,
        0.0045871559633027525,
        0.06842105263157895,
        0.0
      ],
      "nll": [
        2.040693521499634,
        2.0684444904327393,
        2.025712251663208,
        1.7764540910720825,
        1.522920846939087,
        1.6953543424606323,
        3.6862871646881104,
        1.5648369789123535,
        2.710909605026245,
        1.4629433155059814,
        2.025986909866333,
        1.052343726158142,
        1.4871926307678223,
        0.8990075588226318,
        1.203744888305664,
        1.8498245477676392,
        1.3608133792877197
      ],
      "coarse": [
        0.125,
        0.25,
        0.375,
        0.0,
        0.0,
        0.125,
        0.125,
        0.0,
        1.0,
        0.25,
        0.75,
        1.0,
        0.75,
        1.0,
        1.0,
        0.0,
        0.75
      ],
      "acting": [
        0.875,
        0.625,
        0.625,
        0.875,
        1.0,
        1.0,
        0.875,
        1.0,
        0.0,
        0.875,
        0.25,
        0.125,
        0.0,
        0.625,
        1.0,
        1.0,
        0.25
      ]
    },
    "summary_trace": {
      "contain": [
        0.3188405797101449,
        0.01282051282051282,
        0.0,
        0.06093189964157706,
        0.012396694214876033,
        0.05825242718446602,
        0.15966386554621848,
        0.21014492753623187,
        0.009259259259259259,
        0.10215053763440861,
        0.012711864406779662,
        0.03125,
        0.1717557251908397,
        0.10919540229885058,
        0.0045662100456621,
        0.06806282722513089,
        0.0
      ],