{
  "model": "Qwen/Qwen3.5-9B",
  "lengths": [
    1024,
    2048,
    4096
  ],
  "usable": 14,
  "floor": 0.35714285714285715,
  "drift_vs_max": {
    "1024": 0.5625,
    "2048": 0.375
  },
  "pairwise": {
    "1024v2048": 0.5535714285714286,
    "1024v4096": 0.5625,
    "2048v4096": 0.375
  }
}