{
  "model": "Qwen/Qwen3.5-4B",
  "lengths": [
    1024,
    2048,
    4096
  ],
  "usable": 15,
  "floor": 0.44166666666666665,
  "drift_vs_max": {
    "1024": 0.65,
    "2048": 0.525
  },
  "pairwise": {
    "1024v2048": 0.5666666666666667,
    "1024v4096": 0.65,
    "2048v4096": 0.525
  }
}