{
  "model": "Qwen/Qwen3.5-9B",
  "usable": 15,
  "floor": 0.7,
  "budget_frac": 0.5,
  "variants": {
    "random_control": {
      "acting": 0.9,
      "change": 0.9083333333333333,
      "none": 0.1,
      "lookup": 0.35833333333333334,
      "commit": 0.5416666666666666
    },
    "drop_tool_calls": {
      "acting": 0.6916666666666667,
      "change": 0.9166666666666666,
      "none": 0.30833333333333335,
      "lookup": 0.4166666666666667,
      "commit": 0.275
    },
    "drop_observations": {
      "acting": 0.9083333333333333,
      "change": 0.85,
      "none": 0.09166666666666666,
      "lookup": 0.35833333333333334,
      "commit": 0.55
    },
    "drop_reasoning": {
      "acting": 0.8083333333333333,
      "change": 0.925,
      "none": 0.19166666666666668,
      "lookup": 0.36666666666666664,
      "commit": 0.44166666666666665
    }
  },
  "raw": {
    "random_control": {
      "acting": [
        1.0,
        1.0,
        0.75,
        1.0,
        1.0,
        1.0,
        0.5,
        0.875,
        1.0,
        1.0,
        0.875,
        1.0,
        0.625,
        1.0,
        0.875
      ],
      "change": [
        1.0,
        1.0,
        0.875,
        0.875,
        0.75,
        0.75,
        0.875,
        1.0,
        1.0,
        0.875,
        1.0,
        1.0,
        0.75,
        0.875,
        1.0
      ]
    },
    "drop_tool_calls": {
      "acting": [
        1.0,
        1.0,
        1.0,
        1.0,
        0.875,
        1.0,
        0.0,
        1.0,
        0.0,
        1.0,
        1.0,
        0.0,
        0.0,
        0.875,
        0.625
      ],
      "change": [
        1.0,
        1.0,
        1.0,
        0.875,
        1.0,
        0.25,
        1.0,
        1.0,
        1.0,
        0.875,
        1.0,
        1.0,
        0.75,
        1.0,
        1.0
      ]
    },
    "drop_observations": {
      "acting": [
        1.0,
        1.0,
        1.0,
        1.0,
        1.0,
        1.0,
        0.0,
        1.0,
        1.0,
        1.0,
        1.0,
        1.0,
        0.875,
        1.0,
        0.75
      ],
      "change": [
        0.75,
        0.875,
        0.875,
        0.875,
        0.875,
        0.25,
        1.0,
        0.875,
        1.0,
        1.0,
        1.0,
        0.75,
        0.875,
        0.75,
        1.0
      ]
    },
    "drop_reasoning": {
      "acting": [
        0.875,
        1.0,
        1.0,
        0.875,
        1.0,
        1.0,
        0.625,
        1.0,
        0.875,
        1.0,
        0.75,
        0.75,
        0.0,
        0.375,
        1.0
      ],
      "change": [
        0.875,
        1.0,
        1.0,
        0.75,
        1.0,
        0.625,
        1.0,
        1.0,
        1.0,
        0.875,
        1.0,
        1.0,
        0.75,
        1.0,
        1.0
      ]
    }
  }
}