{
  "model": "Qwen/Qwen3.5-9B",
  "usable": 19,
  "floor": 0.27631578947368424,
  "budget_frac": 0.5,
  "variants": {
    "random_control": {
      "acting": 0.9144736842105263,
      "change": 0.5789473684210527,
      "none": 0.08552631578947369,
      "lookup": 0.3223684210526316,
      "commit": 0.5921052631578947
    },
    "drop_tool_calls": {
      "acting": 0.7039473684210527,
      "change": 0.6907894736842105,
      "none": 0.29605263157894735,
      "lookup": 0.2894736842105263,
      "commit": 0.4144736842105263
    },
    "drop_observations": {
      "acting": 0.9407894736842105,
      "change": 0.4868421052631579,
      "none": 0.05921052631578947,
      "lookup": 0.27631578947368424,
      "commit": 0.6644736842105263
    },
    "drop_reasoning": {
      "acting": 0.8355263157894737,
      "change": 0.5921052631578947,
      "none": 0.16447368421052633,
      "lookup": 0.3223684210526316,
      "commit": 0.5131578947368421
    }
  }
}