{
  "model": "Qwen/Qwen3.5-9B",
  "usable": 14,
  "floor": 0.35714285714285715,
  "budget_frac": 0.5,
  "variants": {
    "random_control": {
      "acting": 0.8928571428571429,
      "change": 0.625,
      "none": 0.10714285714285714,
      "lookup": 0.42857142857142855,
      "commit": 0.4642857142857143
    },
    "drop_tool_calls": {
      "acting": 0.6696428571428571,
      "change": 0.6875,
      "none": 0.33035714285714285,
      "lookup": 0.375,
      "commit": 0.29464285714285715
    },
    "drop_observations": {
      "acting": 0.8660714285714286,
      "change": 0.625,
      "none": 0.13392857142857142,
      "lookup": 0.42857142857142855,
      "commit": 0.4375
    },
    "drop_reasoning": {
      "acting": 0.9285714285714286,
      "change": 0.44642857142857145,
      "none": 0.07142857142857142,
      "lookup": 0.41964285714285715,
      "commit": 0.5089285714285714
    }
  }
}