{
  "model": "Qwen/Qwen3.5-9B",
  "usable": 19,
  "floor": 0.631578947368421,
  "budget_frac": 0.5,
  "variants": {
    "random_control": {
      "acting": 0.6578947368421053,
      "change": 0.8026315789473685,
      "none": 0.34210526315789475,
      "lookup": 0.19736842105263158,
      "commit": 0.4605263157894737
    },
    "drop_tool_calls": {
      "acting": 0.34210526315789475,
      "change": 0.743421052631579,
      "none": 0.6578947368421053,
      "lookup": 0.09868421052631579,
      "commit": 0.24342105263157895
    },
    "drop_observations": {
      "acting": 0.6776315789473685,
      "change": 0.7697368421052632,
      "none": 0.3223684210526316,
      "lookup": 0.21052631578947367,
      "commit": 0.46710526315789475
    },
    "drop_reasoning": {
      "acting": 0.5592105263157895,
      "change": 0.7631578947368421,
      "none": 0.4407894736842105,
      "lookup": 0.25,
      "commit": 0.3092105263157895
    }
  },
  "raw": {
    "random_control": {
      "acting": [
        1.0,
        0.0,
        1.0,
        1.0,
        0.625,
        0.5,
        0.875,
        0.375,
        0.5,
        0.875,
        0.0,
        0.125,
        0.75,
        0.875,
        0.75,
        1.0,
        0.25,
        1.0,
        1.0
      ],
      "change": [
        0.75,
        0.875,
        0.875,
        0.875,
        0.625,
        0.875,
        0.75,
        0.875,
        0.5,
        0.875,
        0.625,
        0.875,
        0.75,
        1.0,
        0.75,
        0.875,
        0.5,
        1.0,
        1.0
      ]
    },
    "drop_tool_calls": {
      "acting": [
        0.0,
        0.0,
        0.5,
        0.375,
        0.5,
        0.75,
        0.75,
        0.625,
        0.375,
        0.75,
        0.0,
        0.25,
        0.75,
        0.375,
        0.5,
        0.0,
        0.0,
        0.0,
        0.0
      ],
      "change": [
        0.875,
        0.875,
        0.625,
        0.625,
        0.5,
        0.875,
        0.75,
        0.875,
        0.5,
        0.5,
        0.625,
        0.875,
        0.75,
        1.0,
        0.625,
        1.0,
        0.5,
        0.75,
        1.0
      ]
    },
    "drop_observations": {
      "acting": [
        0.875,
        0.875,
        1.0,
        0.875,
        0.5,
        1.0,
        0.75,
        0.375,
        0.5,
        0.875,
        0.875,
        1.0,
        0.25,
        0.75,
        0.625,
        0.625,
        0.125,
        0.0,
        1.0
      ],
      "change": [
        0.875,
        0.875,
        1.0,
        0.875,
        0.5,
        0.75,
        0.625,
        1.0,
        0.375,
        0.5,
        0.75,
        0.875,
        0.75,
        1.0,
        0.625,
        1.0,
        0.5,
        0.75,
        1.0
      ]
    },
    "drop_reasoning": {
      "acting": [
        0.875,
        0.0,
        1.0,
        0.25,
        0.625,
        0.75,
        0.0,
        0.75,
        0.625,
        0.75,
        0.875,
        1.0,
        0.0,
        0.25,
        0.75,
        1.0,
        0.125,
        0.0,
        1.0
      ],
      "change": [
        0.875,
        0.875,
        1.0,
        0.75,
        0.5,
        0.625,
        0.875,
        0.875,
        0.5,
        0.375,
        0.875,
        1.0,
        0.75,
        1.0,
        0.625,
        0.75,
        0.5,
        0.75,
        1.0
      ]
    }
  }
}