{
  "model": "Qwen/Qwen3.5-9B",
  "usable": 43,
  "floor": 0.32848837209302323,
  "budget_frac": 0.5,
  "variants": {
    "random_control": {
      "acting": 0.8052325581395349,
      "change": 0.5145348837209303,
      "none": 0.19476744186046513,
      "lookup": 0.19186046511627908,
      "commit": 0.6133720930232558
    },
    "drop_tool_calls": {
      "acting": 0.5290697674418605,
      "change": 0.7558139534883721,
      "none": 0.47093023255813954,
      "lookup": 0.15988372093023256,
      "commit": 0.3691860465116279
    },
    "drop_observations": {
      "acting": 0.7965116279069767,
      "change": 0.502906976744186,
      "none": 0.20348837209302326,
      "lookup": 0.16569767441860464,
      "commit": 0.6308139534883721
    },
    "drop_reasoning": {
      "acting": 0.747093023255814,
      "change": 0.6104651162790697,
      "none": 0.25290697674418605,
      "lookup": 0.18604651162790697,
      "commit": 0.561046511627907
    }
  },
  "raw": {
    "random_control": {
      "acting": [
        1.0,
        1.0,
        1.0,
        1.0,
        0.875,
        1.0,
        0.25,
        1.0,
        0.875,
        1.0,
        1.0,
        1.0,
        0.125,
        0.75,
        0.625,
        1.0,
        1.0,
        1.0,
        1.0,
        0.5,
        1.0,
        0.375,
        1.0,
        0.75,
        1.0,
        0.875,
        0.0,
        0.875,
        0.75,
        1.0,
        0.5,
        1.0,
        1.0,
        0.875,
        0.0,
        1.0,
        1.0,
        0.0,
        1.0,
        1.0,
        0.875,
        0.875,
        0.875
      ],
      "change": [
        0.25,
        0.375,
        0.625,
        0.5,
        0.75,
        0.25,
        1.0,
        1.0,
        0.25,
        0.875,
        0.875,
        0.625,
        0.5,
        0.5,
        0.625,
        0.0,
        0.0,
        0.25,
        0.125,
        1.0,
        0.25,
        1.0,
        0.25,
        1.0,
        0.0,
        0.5,
        0.75,
        0.625,
        0.625,
        0.125,
        1.0,
        0.125,
        0.125,
        0.5,
        0.625,
        0.25,
        0.0,
        1.0,
        0.125,
        0.625,
        0.875,
        0.75,
        0.625
      ]
    },
    "drop_tool_calls": {
      "acting": [
        1.0,
        1.0,
        1.0,
        1.0,
        0.875,
        1.0,
        0.0,
        1.0,
        0.0,
        1.0,
        1.0,
        0.75,
        0.0,
        0.25,
        0.0,
        1.0,
        1.0,
        0.75,
        0.5,
        0.375,
        1.0,
        0.125,
        0.875,
        0.125,
        0.0,
        0.0,
        0.0,
        0.125,
        0.875,
        0.0,
        0.0,
        0.25,
        0.875,
        0.0,
        0.0,
        1.0,
        0.875,
        0.0,
        0.0,
        1.0,
        0.75,
        0.875,
        0.5
      ],
      "change": [
        0.25,
        0.25,
        0.25,
        0.625,
        0.625,
        0.625,
        1.0,
        1.0,
        1.0,
        1.0,
        0.625,
        1.0,
        0.5,
        1.0,
        0.625,
        1.0,
        0.125,
        0.375,
        1.0,
        0.875,
        1.0,
        1.0,
        0.375,
        1.0,
        1.0,
        1.0,
        0.75,
        1.0,
        0.625,
        1.0,
        1.0,
        0.875,
        0.25,
        1.0,
        0.625,
        0.25,
        0.5,
        1.0,
        1.0,
        0.75,
        1.0,
        0.75,
        1.0
      ]
    },
    "drop_observations": {
      "acting": [
        1.0,
        1.0,
        1.0,
        1.0,
        0.875,
        1.0,
        0.0,
        1.0,
        1.0,
        0.875,
        1.0,
        1.0,
        0.625,
        1.0,
        0.375,
        1.0,
        1.0,
        1.0,
        1.0,
        1.0,
        1.0,
        0.0,
        0.5,
        0.375,
        0.75,
        1.0,
        0.0,
        1.0,
        1.0,
        1.0,
        0.0,
        0.875,
        1.0,
        1.0,
        0.0,
        1.0,
        1.0,
        0.0,
        1.0,
        1.0,
        1.0,
        1.0,
        1.0
      ],
      "change": [
        0.25,
        0.5,
        0.25,
        0.625,
        0.625,
        0.25,
        1.0,
        0.875,
        0.0,
        0.875,
        0.625,
        1.0,
        0.625,
        0.125,
        0.625,
        0.0,
        0.0,
        0.5,
        0.125,
        0.375,
        0.25,
        1.0,
        0.875,
        1.0,
        0.25,
        0.375,
        0.75,
        0.75,
        0.5,
        0.75,
        1.0,
        0.375,
        0.0,
        0.25,
        0.625,
        0.0,
        0.0,
        1.0,
        0.125,
        0.625,
        1.0,
        0.25,
        0.625
      ]
    },
    "drop_reasoning": {
      "acting": [
        1.0,
        1.0,
        0.875,
        0.875,
        0.875,
        1.0,
        0.375,
        1.0,
        0.75,
        1.0,
        0.5,
        0.5,
        0.0,
        0.625,
        0.25,
        1.0,
        1.0,
        0.875,
        1.0,
        1.0,
        1.0,
        0.625,
        1.0,
        0.0,
        0.75,
        1.0,
        0.75,
        1.0,
        0.75,
        0.875,
        0.0,
        0.75,
        1.0,
        0.125,
        0.5,
        1.0,
        1.0,
        0.0,
        0.875,
        1.0,
        0.875,
        1.0,
        0.75
      ],
      "change": [
        0.25,
        0.5,
        0.25,
        0.625,
        0.75,
        0.375,
        1.0,
        1.0,
        0.625,
        0.875,
        1.0,
        1.0,
        0.5,
        1.0,
        0.625,
        0.125,
        0.75,
        0.5,
        0.125,
        0.625,
        0.875,
        0.75,
        0.25,
        1.0,
        0.25,
        0.625,
        0.625,
        0.75,
        0.5,
        0.125,
        1.0,
        0.625,
        0.25,
        1.0,
        0.625,
        0.0,
        0.25,
        1.0,
        0.125,
        0.625,
        0.75,
        1.0,
        0.75
      ]
    }
  }
}