{
  "model": "Qwen/Qwen3.5-9B",
  "usable": 43,
  "floor": 0.2936046511627907,
  "budget_frac": 0.5,
  "variants": {
    "random_control": {
      "acting": 0.7732558139534884,
      "change": 0.5988372093023255,
      "none": 0.22674418604651161,
      "lookup": 0.2238372093023256,
      "commit": 0.5494186046511628
    },
    "drop_tool_calls": {
      "acting": 0.5872093023255814,
      "change": 0.7441860465116279,
      "none": 0.4127906976744186,
      "lookup": 0.1511627906976744,
      "commit": 0.436046511627907
    },
    "drop_observations": {
      "acting": 0.7819767441860465,
      "change": 0.5726744186046512,
      "none": 0.2180232558139535,
      "lookup": 0.22674418604651161,
      "commit": 0.5552325581395349
    },
    "drop_reasoning": {
      "acting": 0.8604651162790697,
      "change": 0.4680232558139535,
      "none": 0.13953488372093023,
      "lookup": 0.19767441860465115,
      "commit": 0.6627906976744186
    }
  }
}