{
  "model": "Qwen/Qwen3.5-9B",
  "usable": 14,
  "floor": 0.35714285714285715,
  "formats": {
    "inline_note": {
      "acting": 0.5267857142857143,
      "change": 0.8214285714285714,
      "none": 0.4732142857142857,
      "lookup": 0.25892857142857145,
      "commit": 0.26785714285714285
    },
    "resume_template": {
      "acting": 0.5,
      "change": 0.8839285714285714,
      "none": 0.5,
      "lookup": 0.26785714285714285,
      "commit": 0.23214285714285715
    },
    "assistant_voice": {
      "acting": 0.5625,
      "change": 0.8214285714285714,
      "none": 0.4375,
      "lookup": 0.36607142857142855,
      "commit": 0.19642857142857142
    },
    "bare": {
      "acting": 0.625,
      "change": 0.7410714285714286,
      "none": 0.375,
      "lookup": 0.33035714285714285,
      "commit": 0.29464285714285715
    }
  }
}