{
  "model": "zai-org/GLM-4.7-Flash",
  "usable": 15,
  "floor": 0.45,
  "full_entropy": 1.899057217179544,
  "summary_budget": 256,
  "chain": {
    "1": {
      "change": 0.8833333333333333,
      "acting": 0.0,
      "entropy": 0.0
    },
    "2": {
      "change": 0.8833333333333333,
      "acting": 0.016666666666666666,
      "entropy": 0.0707518749639422
    },
    "3": {
      "change": 0.8833333333333333,
      "acting": 0.008333333333333333,
      "entropy": 0.03623762954663976
    }
  }
}