{
  "model": "Qwen/Qwen3.5-9B",
  "usable": 14,
  "floor": 0.35714285714285715,
  "full_entropy": 1.277590487316209,
  "summary_budget": 256,
  "chain": {
    "1": {
      "change": 0.8214285714285714,
      "acting": 0.5267857142857143,
      "entropy": 1.4170254482960085
    },
    "2": {
      "change": 0.8035714285714286,
      "acting": 0.49107142857142855,
      "entropy": 1.2008055803185094
    },
    "3": {
      "change": 0.8482142857142857,
      "acting": 0.4642857142857143,
      "entropy": 1.2944683034941618
    }
  }
}