{
  "model": "Qwen/Qwen3.5-9B",
  "usable": 31,
  "compressors": {
    "full": {
      "tool": 0.7258064516129032,
      "exact": 0.4596774193548387,
      "acting": 0.9435483870967742,
      "change": 0.0
    },
    "keep_recent": {
      "tool": 0.6693548387096774,
      "exact": 0.4112903225806452,
      "acting": 0.8790322580645161,
      "change": 0.41935483870967744
    },
    "summary": {
      "tool": 0.3024193548387097,
      "exact": 0.08064516129032258,
      "acting": 0.4435483870967742,
      "change": 0.8225806451612904
    },
    "pointer": {
      "tool": 0.3387096774193548,
      "exact": 0.04838709677419355,
      "acting": 0.5040322580645161,
      "change": 0.8266129032258065
    },
    "hallucinator": {
      "tool": 0.3225806451612903,
      "exact": 0.056451612903225805,
      "acting": 0.4838709677419355,
      "change": 0.8104838709677419
    }
  }
}