{
  "model": "Qwen/Qwen3.5-9B",
  "usable": 15,
  "compressors": {
    "full": {
      "tool": 0.7416666666666667,
      "exact": 0.10833333333333334,
      "acting": 0.8333333333333334,
      "change": 0.0
    },
    "keep_recent": {
      "tool": 0.6666666666666666,
      "exact": 0.11666666666666667,
      "acting": 0.7416666666666667,
      "change": 0.7
    },
    "summary": {
      "tool": 0.3,
      "exact": 0.008333333333333333,
      "acting": 0.35833333333333334,
      "change": 0.8166666666666667
    },
    "pointer": {
      "tool": 0.3333333333333333,
      "exact": 0.016666666666666666,
      "acting": 0.45,
      "change": 0.8333333333333334
    },
    "hallucinator": {
      "tool": 0.35,
      "exact": 0.008333333333333333,
      "acting": 0.45,
      "change": 0.85
    }
  }
}