{
  "model": "Qwen/Qwen3.5-9B",
  "usable": 19,
  "floor": 0.27631578947368424,
  "budget": 256,
  "policies": {
    "naive": {
      "acting": 0.506578947368421,
      "change": 0.8289473684210527,
      "entropy": 1.3713301822543587,
      "agree": 0.32894736842105265
    },
    "structured_handoff": {
      "acting": 0.6052631578947368,
      "change": 0.8026315789473685,
      "entropy": 1.4553492607620362,
      "agree": 0.375
    },
    "condense_observations": {
      "acting": 0.6710526315789473,
      "change": 0.8289473684210527,
      "entropy": 1.7990438326053664,
      "agree": 0.34210526315789475
    },
    "block_aware": {
      "acting": 0.7960526315789473,
      "change": 0.6513157894736842,
      "entropy": 1.5556460535109606,
      "agree": 0.5460526315789473
    },
    "minimal": {
      "acting": 0.625,
      "change": 0.7894736842105263,
      "entropy": 1.6652366192656465,
      "agree": 0.3684210526315789
    },
    "next_step_only": {
      "acting": 0.6842105263157895,
      "change": 0.8421052631578947,
      "entropy": 1.589221073562015,
      "agree": 0.40131578947368424
    }
  }
}