{
  "executor": "Qwen/Qwen3.5-9B",
  "summarizer": "Qwen/Qwen3.5-4B",
  "usable": 20,
  "floor": 0.58125,
  "variants": {
    "base": {
      "d": 0.75,
      "acting": 0.4625,
      "agree": 0.45625
    },
    "dpo": {
      "d": 0.73125,
      "acting": 0.425,
      "agree": 0.40625
    }
  },
  "raw": {
    "base": {
      "d": [
        0.75,
        0.5,
        0.5625,
        0.8125,
        0.5,
        0.875,
        0.875,
        0.5625,
        0.875,
        0.625,
        0.9375,
        0.625,
        1.0,
        0.875,
        0.875,
        0.8125,
        0.75,
        0.8125,
        0.625,
        0.75
      ],
      "acting": [
        0.6875,
        0.3125,
        0.4375,
        0.6875,
        0.375,
        0.375,
        0.5,
        0.625,
        0.375,
        0.375,
        0.6875,
        0.5,
        0.4375,
        0.875,
        0.0,
        0.4375,
        0.0,
        0.625,
        0.5,
        0.4375
      ],
      "agree": [
        0.6875,
        0.3125,
        0.4375,
        0.6875,
        0.375,
        0.3125,
        0.5,
        0.625,
        0.375,
        0.375,
        0.6875,
        0.5,
        0.4375,
        0.875,
        0.0,
        0.4375,
        0.0,
        0.5625,
        0.5,
        0.4375
      ]
    },
    "dpo": {
      "d": [
        0.75,
        0.5,
        0.625,
        0.75,
        0.625,
        0.875,
        0.875,
        0.4375,
        0.875,
        0.5625,
        0.875,
        0.625,
        1.0,
        0.75,
        0.875,
        0.875,
        0.75,
        0.625,
        0.625,
        0.75
      ],
      "acting": [
        0.625,
        0.5,
        0.4375,
        0.3125,
        0.5,
        0.375,
        0.1875,
        0.4375,
        0.1875,
        0.4375,
        1.0,
        0.5,
        0.375,
        0.75,
        0.0,
        0.5625,
        0.0,
        0.4375,
        0.25,
        0.625
      ],
      "agree": [
        0.625,
        0.5,
        0.4375,
        0.3125,
        0.5,
        0.25,
        0.1875,
        0.375,
        0.125,
        0.4375,
        1.0,
        0.375,
        0.375,
        0.75,
        0.0,
        0.5625,
        0.0,
        0.4375,
        0.25,
        0.625
      ]
    }
  }
}