{
  "executor": "Qwen/Qwen3.5-9B",
  "summarizer": "Qwen/Qwen3.5-4B",
  "usable": 23,
  "floor": 0.358695652173913,
  "variants": {
    "base": {
      "d": 0.6902173913043478,
      "acting": 0.592391304347826,
      "agree": 0.3641304347826087
    },
    "dpo": {
      "d": 0.8315217391304348,
      "acting": 0.4945652173913043,
      "agree": 0.2826086956521739
    }
  }
}