{
  "executor": "Qwen/Qwen3.5-9B",
  "summarizer": "Qwen/Qwen3.5-4B",
  "usable": 20,
  "floor": 0.6,
  "variants": {
    "base": {
      "d": 0.7375,
      "acting": 0.425,
      "agree": 0.409375
    },
    "dpo": {
      "d": 0.74375,
      "acting": 0.465625,
      "agree": 0.459375
    }
  },
  "raw": {
    "base": {
      "d": [
        0.5,
        0.5,
        0.625,
        0.875,
        0.5,
        0.875,
        0.75,
        0.75,
        0.875,
        0.625,
        0.5,
        0.9375,
        0.625,
        1.0,
        0.6875,
        0.875,
        0.875,
        0.6875,
        0.875,
        0.8125
      ],
      "acting": [
        0.25,
        0.4375,
        0.625,
        0.1875,
        0.4375,
        0.3125,
        0.4375,
        0.3125,
        0.5,
        0.5,
        0.4375,
        0.5625,
        0.5,
        0.5,
        0.6875,
        0.0,
        0.5625,
        0.4375,
        0.375,
        0.4375
      ],
      "agree": [
        0.25,
        0.375,
        0.625,
        0.1875,
        0.375,
        0.3125,
        0.4375,
        0.3125,
        0.4375,
        0.5,
        0.375,
        0.5625,
        0.5,
        0.5,
        0.625,
        0.0,
        0.5625,
        0.4375,
        0.375,
        0.4375
      ]
    },
    "dpo": {
      "d": [
        0.5,
        0.5625,
        0.5,
        0.9375,
        0.5,
        0.875,
        0.75,
        0.6875,
        0.8125,
        0.625,
        0.625,
        0.9375,
        0.625,
        1.0,
        0.8125,
        0.875,
        0.9375,
        0.5,
        0.875,
        0.9375
      ],
      "acting": [
        0.5,
        0.5625,
        0.375,
        0.875,
        0.4375,
        0.4375,
        0.5,
        0.5,
        0.375,
        0.5625,
        0.5,
        0.6875,
        0.5,
        0.25,
        0.8125,
        0.0,
        0.3125,
        0.0625,
        0.375,
        0.6875
      ],
      "agree": [
        0.5,
        0.5625,
        0.375,
        0.875,
        0.4375,
        0.4375,
        0.5,
        0.5,
        0.375,
        0.5625,
        0.4375,
        0.6875,
        0.5,
        0.25,
        0.8125,
        0.0,
        0.3125,
        0.0,
        0.375,
        0.6875
      ]
    }
  }
}